Old,New
1,1
2,2
3,3
4,4
5,5
6,6
7,7
8,8
9,9
10,10
11,11
12,12
13,13
14,14
15,15
16,16
17,17
18,18
19,19
20,20
21,21
22,22
23,23
24,24
25,25
26,26
27,27
28,28
29,29
30,30
31,31
32,32
33,33
34,34
35,35
36,36
37,37
38,38
39,39
40,40
41,41
42,42
43,43
44,44
45,45
46,46
47,47
48,48
49,49
50,50
51,51
52,52
53,53
54,54
55,55
56,56
57,57
58,58
59,59
60,60
61,61
62,62
63,63
64,64
65,65
66,66
67,67
68,68
69,69
70,70
71,71
72,72
73,73
74,74
75,75
76,76
77,77
78,78
79,79
80,80
81,81
82,82
83,83
84,84
85,85
86,86
87,87
88,88
89,89
90,90
91,91
92,92
93,93
94,94
95,95
96,96
97,97
98,98
99,99
100,100
101,101
102,102
103,103
104,104
105,105
106,106
107,107
108,108
109,109
110,110
111,111
112,112
113,113
114,114
115,115
116,116
117,117
118,118
119,119
120,120
121,121
122,122
123,123
124,124
125,125
126,126
127,127
128,128
129,129
130,130
131,131
132,132
133,133
134,134
135,135
136,-1
137,-1
138,-1
139,-1
140,-1
141,136
142,137
143,138
144,139
145,140
146,141
147,142
148,143
149,144
150,145
151,146
152,147
153,148
154,149
155,150
156,151
157,152
158,153
159,154
160,155
161,156
162,157
163,158
164,159
165,160
166,161
167,162
168,163
169,164
170,165
171,166
172,167
173,168
174,169
175,170
176,171
177,172
178,173
179,174
180,175
181,176
182,177
183,178
184,179
185,180
186,181
187,182
188,183
189,184
190,185
191,186
192,187
193,188
194,189
195,190
196,191
197,192
198,193
199,194
200,195
201,196
202,197
203,198
204,199
205,200
206,201
207,202
208,203
209,204
210,205
211,206
212,207
213,208
214,209
215,210
216,211
217,212
218,213
219,214
220,215
221,216
222,217
223,218
224,219
225,220
226,221
227,222
228,223
229,224
230,225
231,226
232,227
233,228
234,229
235,230
236,231
237,232
238,233
239,234
240,235
241,236
242,237
243,238
244,239
245,240
246,241
247,242
248,243
249,244
250,245
251,246
252,247
253,248
254,249
255,250
256,251
257,252
258,253
259,254
260,255
261,256
262,257
263,258
264,259
265,260
266,261
267,262
268,263
269,264
270,265
271,266
272,267
273,268
274,269
275,270
276,271
277,272
278,273
279,274
280,275
281,276
282,277
283,278
284,279
285,280
286,281
287,282
288,283
289,284
290,285
291,286
292,287
293,288
294,289
295,290
296,291
297,292
298,293
299,294
300,295
301,296
302,297
303,298
304,299
305,300
306,301
307,302
308,303
309,304
310,305
311,306
312,307
313,308
314,309
315,310
316,311
317,312
318,313
319,314
320,315
321,316
322,317
323,318
324,319
325,320
326,321
327,322
328,323
329,324
330,325
331,326
332,327
333,328
334,329
335,330
336,331
337,332
338,333
339,334
340,335
341,336
342,337
343,338
344,339
345,340
346,341
347,342
348,343
349,344
350,345
351,346
352,347
353,348
354,349
355,350
356,351
357,352
358,353
359,354
360,355
361,356
362,357
363,358
364,359
365,360
366,361
367,362
368,363
369,364
370,365
371,366
372,367
373,368
374,369
375,370
376,371
377,372
378,373
379,374
380,375
381,376
382,377
383,378
384,379
385,380
386,381
387,382
388,383
389,384
390,385
391,386
392,387
393,388
394,389
395,390
396,391
397,392
398,393
399,394
400,395
401,396
402,397
403,398
404,399
405,400
406,401
407,402
408,403
409,404
410,405
411,406
412,407
413,408
414,409
415,410
416,411
417,412
418,413
419,414
420,415
421,-1
422,-1
423,416
424,417
425,418
426,419
427,420
428,421
429,422
430,423
431,424
432,425
433,426
434,427
435,428
436,429
437,430
438,431
439,432
440,433
441,434
442,435
443,436
444,437
445,438
446,439
447,440
448,441
449,442
450,443
451,444
452,445
453,446
454,447
455,448
456,449
457,450
458,451
459,452
460,453
461,454
462,455
463,456
464,457
465,458
466,459
467,460
468,461
469,462
470,463
471,464
472,465
473,466
474,467
475,468
476,469
477,470
478,471
479,472
480,473
481,474
482,475
483,476
484,477
485,478
486,479
487,480
488,481
489,482
490,483
491,484
492,485
493,486
494,487
495,488
496,489
497,490
498,491
499,492
500,493
501,494
502,495
503,496
504,497
505,498
506,499
507,500
508,501
509,502
510,503
511,504
512,505
513,506
514,507
515,508
516,509
517,510
518,511
519,512
520,513
521,514
522,515
523,516
524,517
525,518
526,519
527,520
528,521
529,522
530,523
531,524
532,525
533,526
534,527
535,528
536,529
537,530
538,531
539,532
540,533
541,534
542,535
543,536
544,537
545,538
546,539
547,540
548,541
549,542
550,543
551,544
552,545
553,546
554,547
555,548
556,549
557,550
558,551
559,552
560,553
561,554
562,555
563,556
564,557
565,558
566,559
567,560
568,561
569,562
570,563
571,564
572,565
573,566
574,567
575,568
576,569
577,570
578,571
579,572
580,573
581,574
582,575
583,576
584,577
585,578
586,579
587,580
588,581
589,582
590,583
591,584
592,585
593,586
594,587
595,588
596,589
597,590
598,591
599,592
600,593
601,594
602,595
603,596
604,597
605,598
606,599
607,600
608,601
609,602
610,603
611,604
612,605
613,606
614,607
615,608
616,609
617,610
618,611
619,612
620,613
621,614
622,615
623,616
624,617
625,618
626,619
627,620
628,621
629,622
630,623
631,624
632,625
633,626
634,627
635,628
636,629
637,630
638,631
639,632
640,633
641,634
642,635
643,636
644,637
645,638
646,639
647,640
648,641
649,642
650,643
651,644
652,645
653,646
654,647
655,648
656,649
657,650
658,651
659,652
660,653
661,654
662,655
663,656
664,657
665,658
666,659
667,660
668,661
669,662
670,663
671,664
672,665
673,666
674,667
675,668
676,669
677,670
678,671
679,672
680,673
681,674
682,675
683,676
684,677
685,678
686,679
687,680
688,681
689,682
690,683
691,684
692,685
693,686
694,687
695,688
696,689
697,690
698,691
699,692
700,693
701,694
702,695
703,696
704,697
705,698
706,699
707,700
708,701
709,702
710,703
711,704
712,705
713,706
714,707
715,708
716,709
717,710
718,711
719,712
720,713
721,714
722,715
723,716
724,717
725,718
726,719
727,720
728,721
729,722
730,723
731,724
732,725
733,726
734,727
735,728
736,729
737,730
738,731
739,732
740,733
741,734
742,735
743,736
744,737
745,738
746,739
747,740
748,741
749,742
750,743
751,744
752,745
753,746
754,747
755,748
756,749
757,750
758,751
759,752
760,753
761,754
762,755
763,756
764,757
765,758
766,759
767,760
768,761
769,762
770,763
771,764
772,765
773,766
774,767
775,768
776,769
777,770
778,771
779,772
780,773
781,774
782,775
783,776
784,777
785,778
786,779
787,780
788,781
789,782
790,783
791,784
792,785
793,786
794,787
795,788
796,789
797,790
798,791
799,792
800,793
801,794
802,795
803,796
804,797
805,798
806,799
807,800
808,801
809,802
810,803
811,804
812,805
813,806
814,807
815,808
816,809
817,810
818,811
819,812
820,813
821,814
822,815
823,816
824,817
825,818
826,819
827,820
828,821
829,822
830,823
831,824
832,825
833,826
834,827
835,828
836,829
837,830
838,831
839,832
840,833
841,834
842,835
843,836
844,837
845,838
846,839
847,840
848,841
849,842
850,843
851,844
852,845
853,846
854,847
855,848
856,849
857,850
858,851
859,852
860,853
861,854
862,855
863,856
864,857
865,858
866,859
867,860
868,861
869,862
870,863
871,864
872,865
873,866
874,867
875,868
876,869
877,870
878,871
879,872
880,873
881,874
882,875
883,876
884,877
885,878
886,879
887,880
888,881
889,882
890,883
891,884
892,885
893,886
894,887
895,888
896,889
897,890
898,891
899,892
900,893
901,894
902,895
903,896
904,897
905,898
906,899
907,900
908,901
909,902
910,903
911,904
912,905
913,906
914,907
915,908
916,909
917,910
918,911
919,912
920,913
921,914
922,915
923,916
924,917
925,918
926,919
927,920
928,921
929,922
930,923
931,924
932,925
933,926
934,927
935,928
936,929
937,930
938,931
939,932
940,933
941,934
942,935
943,936
944,937
945,938
946,939
947,940
948,941
949,942
950,943
951,944
952,945
953,946
954,947
955,948
956,949
957,950
958,951
959,952
960,953
961,954
962,955
963,956
964,957
965,958
966,959
967,960
968,961
969,962
970,963
971,964
972,965
973,966
974,967
975,968
976,969
977,970
978,971
979,972
980,973
981,974
982,975
983,976
984,977
985,978
986,979
987,980
988,981
989,982
990,983
991,984
992,985
993,986
994,987
995,988
996,989
997,990
998,991
999,992
1000,993
1001,994
1002,995
1003,996
1004,997
1005,998
1006,999
1007,1000
1008,1001
1009,1002
1010,1003
1011,1004
1012,1005
1013,1006
1014,1007
1015,1008
1016,1009
1017,1010
1018,1011
1019,1012
1020,1013
1021,1014
1022,1015
1023,1016
1024,1017
1025,1018
1026,1019
1027,1020
1028,1021
1029,1022
1030,1023
1031,1024
1032,1025
1033,1026
1034,1027
1035,1028
1036,1029
1037,1030
1038,1031
1039,1032
1040,1033
1041,1034
1042,1035
1043,1036
1044,1037
1045,1038
1046,1039
1047,1040
1048,1041
1049,1042
1050,1043
1051,1044
1052,1045
1053,1046
1054,1047
1055,1048
1056,1049
1057,1050
1058,1051
1059,1052
1060,1053
1061,1054
1062,1055
1063,1056
1064,1057
1065,1058
1066,1059
1067,1060
1068,1061
1069,1062
1070,1063
1071,1064
1072,1065
1073,1066
1074,1067
1075,1068
1076,1069
1077,1070
1078,1071
1079,1072
1080,1073
1081,1074
1082,1075
1083,1076
1084,1077
1085,1078
1086,1079
1087,1080
1088,1081
1089,1082
1090,1083
1091,1084
1092,1085
1093,1086
1094,1087
1095,1088
1096,1089
1097,1090
1098,1091
1099,1092
1100,1093
1101,1094
1102,1095
1103,1096
1104,1097
1105,1098
1106,1099
1107,1100
1108,1101
1109,1102
1110,1103
1111,1104
1112,1105
1113,1106
1114,1107
1115,1108
1116,1109
1117,1110
1118,1111
1119,1112
1120,1113
1121,1114
1122,1115
1123,1116
1124,1117
1125,1118
1126,1119
1127,1120
1128,1121
1129,1122
1130,1123
1131,1124
1132,1125
1133,1126
1134,1127
1135,1128
1136,1129
1137,1130
1138,1131
1139,1132
1140,1133
1141,1134
1142,1135
1143,1136
1144,1137
1145,1138
1146,1139
1147,1140
1148,1141
1149,1142
1150,1143
1151,1144
1152,1145
1153,1146
1154,1147
1155,1148
1156,1149
1157,1150
1158,1151
1159,1152
1160,1153
1161,1154
1162,1155
1163,1156
1164,1157
1165,1158
1166,1159
1167,1160
1168,1161
1169,1162
1170,1163
1171,1164
1172,1165
1173,1166
1174,1167
1175,1168
1176,1169
1177,1170
1178,1171
1179,1172
1180,1173
1181,1174
1182,1175
1183,1176
1184,1177
1185,1178
1186,1179
1187,1180
1188,1181
1189,1182
1190,1183
1191,1184
1192,1185
1193,1186
1194,1187
1195,1188
1196,1189
1197,1190
1198,1191
1199,1192
1200,1193
1201,1194
1202,1195
1203,1196
1204,1197
1205,1198
1206,1199
1207,1200
1208,1201
1209,1202
1210,1203
1211,1204
1212,1205
1213,1206
1214,1207
1215,1208
1216,1209
1217,1210
1218,1211
1219,1212
1220,1213
1221,1214
1222,1215
1223,1216
1224,1217
1225,1218
1226,1219
1227,1220
1228,1221
1229,1222
1230,1223
1231,1224
1232,1225
1233,1226
1234,1227
1235,1228
1236,1229
1237,1230
1238,1231
1239,1232
1240,1233
1241,1234
1242,1235
1243,1236
1244,1237
1245,1238
1246,1239
1247,1240
1248,1241
1249,1242
1250,1243
1251,1244
1252,1245
1253,1246
1254,1247
1255,1248
1256,1249
1257,1250
1258,1251
1259,1252
1260,1253
1261,1254
1262,1255
1263,1256
1264,1257
1265,1258
1266,1259
1267,1260
1268,1261
1269,1262
1270,1263
1271,1264
1272,1265
1273,1266
1274,1267
1275,1268
1276,1269
1277,1270
1278,1271
1279,1272
1280,1273
1281,1274
1282,1275
1283,1276
1284,1277
1285,1278
1286,1279
1287,1280
1288,1281
1289,1282
1290,1283
1291,1284
1292,1285
1293,1286
1294,1287
1295,1288
1296,1289
1297,1290
1298,1291
1299,1292
1300,1293
1301,1294
1302,1295
1303,1296
1304,1297
1305,1298
1306,1299
1307,1300
1308,1301
1309,1302
1310,1303
1311,1304
1312,1305
1313,1306
1314,1307
1315,1308
1316,1309
1317,1310
1318,1311
1319,1312
1320,1313
1321,1314
1322,1315
1323,1316
1324,1317
1325,1318
1326,1319
1327,1320
1328,1321
1329,1322
1330,1323
1331,1324
1332,1325
1333,1326
1334,1327
1335,1328
1336,1329
1337,1330
1338,1331
1339,1332
1340,1333
1341,1334
1342,1335
1343,1336
1344,1337
1345,1338
1346,1339
1347,1340
1348,1341
1349,1342
1350,1343
1351,1344
1352,1345
1353,1346
1354,1347
1355,1348
1356,1349
1357,1350
1358,1351
1359,1352
1360,1353
1361,1354
1362,1355
1363,1356
1364,1357
1365,1358
1366,1359
1367,1360
1368,1361
1369,1362
1370,1363
1371,1364
1372,1365
1373,1366
1374,1367
1375,1368
1376,1369
1377,1370
1378,1371
1379,1372
1380,1373
1381,1374
1382,1375
1383,1376
1384,1377
1385,1378
1386,1379
1387,1380
1388,1381
1389,1382
1390,1383
1391,1384
1392,1385
1393,1386
1394,1387
1395,1388
1396,1389
1397,1390
1398,1391
1399,1392
1400,1393
1401,1394
1402,1395
1403,1396
1404,1397
1405,1398
1406,1399
1407,1400
1408,1401
1409,1402
1410,1403
1411,1404
1412,1405
1413,1406
1414,1407
1415,1408
1416,1409
1417,1410
1418,1411
1419,1412
1420,1413
1421,1414
1422,1415
1423,1416
1424,1417
1425,1418
1426,1419
1427,1420
1428,1421
1429,1422
1430,1423
1431,1424
1432,1425
1433,1426
1434,1427
1435,1428
1436,1429
1437,1430
1438,1431
1439,1432
1440,1433
1441,1434
1442,1435
1443,1436
1444,1437
1445,1438
1446,1439
1447,1440
1448,1441
1449,1442
1450,1443
1451,1444
1452,1445
1453,1446
1454,1447
1455,1448
1456,1449
1457,1450
1458,1451
1459,1452
1460,1453
1461,1454
1462,1455
1463,1456
1464,1457
1465,1458
1466,1459
1467,1460
1468,1461
1469,1462
1470,1463
1471,1464
1472,1465
1473,1466
1474,1467
1475,1468
1476,1469
1477,1470
1478,1471
1479,1472
1480,1473
1481,1474
1482,1475
1483,1476
1484,1477
1485,1478
1486,1479
1487,1480
1488,1481
1489,1482
1490,1483
1491,1484
1492,1485
1493,1486
1494,1487
1495,1488
1496,1489
1497,1490
1498,1491
1499,1492
1500,1493
1501,1494
1502,1495
1503,1496
1504,1497
1505,1498
1506,1499
1507,1500
1508,1501
1509,1502
1510,1503
1511,1504
1512,1505
1513,1506
1514,1507
1515,1508
1516,1509
1517,1510
1518,1511
1519,1512
1520,1513
1521,1514
1522,1515
1523,1516
1524,1517
1525,1518
1526,1519
1527,1520
1528,1521
1529,1522
1530,1523
1531,1524
1532,1525
1533,1526
1534,1527
1535,1528
1536,1529
1537,1530
1538,1531
1539,1532
1540,1533
1541,1534
1542,1535
1543,1536
1544,1537
1545,1538
1546,1539
1547,1540
1548,1541
1549,1542
1550,1543
1551,1544
1552,1545
1553,1546
1554,1547
1555,1548
1556,1549
1557,1550
1558,1551
1559,1552
1560,1553
1561,1554
1562,1555
1563,1556
1564,1557
1565,1558
1566,1559
1567,1560
1568,1561
1569,1562
1570,1563
1571,1564
1572,1565
1573,1566
1574,1567
1575,1568
1576,1569
1577,1570
1578,1571
1579,1572
1580,1573
1581,1574
1582,1575
1583,1576
1584,1577
1585,1578
1586,1579
1587,1580
1588,1581
1589,1582
1590,1583
1591,1584
1592,1585
1593,1586
1594,1587
1595,1588
1596,1589
1597,1590
1598,1591
1599,1592
1600,1593
1601,1594
1602,1595
1603,1596
1604,1597
1605,1598
1606,1599
1607,1600
1608,1601
1609,1602
1610,1603
1611,1604
1612,1605
1613,1606
1614,1607
1615,1608
1616,1609
1617,1610
1618,1611
1619,1612
1620,1613
1621,1614
1622,1615
1623,1616
1624,1617
1625,1618
1626,1619
1627,1620
1628,1621
1629,1622
1630,1623
1631,1624
1632,1625
1633,1626
1634,1627
1635,1628
1636,1629
1637,1630
1638,1631
1639,1632
1640,1633
1641,1634
1642,1635
1643,1636
1644,1637
1645,1638
1646,1639
1647,1640
1648,1641
1649,1642
1650,1643
1651,1644
1652,1645
1653,1646
1654,1647
1655,1648
1656,1649
1657,1650
1658,1651
1659,1652
1660,1653
1661,1654
1662,1655
1663,1656
1664,1657
1665,1658
1666,1659
1667,1660
1668,1661
1669,1662
1670,1663
1671,1664
1672,1665
1673,1666
1674,1667
1675,1668
1676,1669
1677,1670
1678,1671
1679,1672
1680,1673
1681,1674
1682,1675
1683,1676
1684,1677
1685,1678
1686,1679
1687,1680
1688,1681
1689,1682
1690,1683
1691,1684
1692,1685
1693,1686
1694,1687
1695,1688
1696,1689
1697,1690
1698,1691
1699,1692
1700,1693
1701,1694
1702,1695
1703,1696
1704,1697
1705,1698
1706,1699
1707,1700
1708,1701
1709,1702
1710,1703
1711,1704
1712,1705
1713,1706
1714,1707
1715,1708
1716,1709
1717,1710
1718,1711
1719,1712
1720,1713
1721,1714
1722,1715
1723,1716
1724,1717
1725,1718
1726,1719
1727,1720
1728,1721
1729,1722
1730,1723
1731,1724
1732,1725
1733,1726
1734,1727
1735,1728
1736,1729
1737,1730
1738,1731
1739,1732
1740,1733
1741,1734
1742,1735
1743,1736
1744,1737
1745,1738
1746,1739
1747,1740
1748,1741
1749,1742
1750,1743
1751,1744
1752,1745
1753,1746
1754,1747
1755,1748
1756,1749
1757,1750
1758,1751
1759,1752
1760,1753
1761,1754
1762,1755
1763,1756
1764,1757
1765,1758
1766,1759
1767,1760
1768,1761
1769,1762
1770,1763
1771,1764
1772,1765
1773,1766
1774,1767
1775,1768
1776,1769
1777,1770
1778,1771
1779,1772
1780,1773
1781,1774
1782,-1
1783,-1
1784,-1
1785,-1
1786,-1
1787,-1
1788,-1
1789,1775
1790,1776
1791,1777
1792,1778
1793,1779
1794,1780
1795,1781
1796,1782
1797,1783
1798,1784
1799,1785
1800,1786
1801,1787
1802,1788
1803,1789
1804,1790
1805,1791
1806,1792
1807,1793
1808,1794
1809,1795
1810,1796
1811,1797
1812,1798
1813,1799
1814,1800
1815,1801
1816,1802
1817,1803
1818,1804
1819,1805
1820,1806
1821,1807
1822,1808
1823,1809
1824,1810
1825,1811
1826,1812
1827,1813
1828,1814
1829,1815
1830,1816
1831,1817
1832,1818
1833,1819
1834,1820
1835,1821
1836,1822
1837,1823
1838,1824
1839,1825
1840,1826
1841,1827
1842,1828
1843,1829
1844,1830
1845,1831
1846,1832
1847,1833
1848,1834
1849,1835
1850,1836
1851,1837
1852,1838
1853,1839
1854,1840
1855,1841
1856,1842
1857,1843
1858,1844
1859,1845
1860,1846
1861,1847
1862,1848
1863,1849
1864,1850
1865,1851
1866,1852
1867,1853
1868,1854
1869,1855
1870,1856
1871,1857
1872,1858
1873,1859
1874,1860
1875,1861
1876,1862
1877,1863
1878,1864
1879,1865
1880,1866
1881,1867
1882,1868
1883,1869
1884,1870
1885,1871
1886,1872
1887,1873
1888,1874
1889,1875
1890,1876
1891,1877
1892,1878
1893,1879
1894,1880
1895,1881
1896,1882
1897,1883
1898,1884
1899,1885
1900,1886
1901,1887
1902,1888
1903,1889
1904,1890
1905,1891
1906,1892
1907,1893
1908,1894
1909,1895
1910,1896
1911,1897
1912,1898
1913,1899
1914,1900
1915,1901
1916,1902
1917,1903
1918,1904
1919,1905
1920,1906
1921,1907
1922,1908
1923,1909
1924,1910
1925,1911
1926,1912
1927,1913
1928,1914
1929,1915
1930,1916
1931,1917
1932,1918
1933,1919
1934,1920
1935,1921
1936,1922
1937,1923
1938,1924
1939,1925
1940,1926
1941,1927
1942,1928
1943,1929
1944,1930
1945,1931
1946,1932
1947,1933
1948,1934
1949,1935
1950,1936
1951,1937
1952,1938
1953,1939
1954,1940
1955,1941
1956,1942
1957,1943
1958,1944
1959,1945
1960,1946
1961,1947
1962,1948
1963,1949
1964,1950
1965,1951
1966,1952
1967,1953
1968,1954
1969,1955
1970,1956
1971,1957
1972,1958
1973,1959
1974,1960
1975,1961
1976,1962
1977,1963
1978,1964
1979,1965
1980,1966
1981,1967
1982,1968
1983,1969
1984,1970
1985,1971
1986,1972
1987,1973
1988,1974
1989,1975
1990,1976
1991,1977
1992,1978
1993,1979
1994,1980
1995,1981
1996,1982
1997,1983
1998,1984
1999,1985
2000,1986
2001,1987
2002,1988
2003,1989
2004,1990
2005,1991
2006,1992
2007,1993
2008,1994
2009,1995
2010,1996
2011,1997
2012,1998
2013,1999
2014,2000
2015,2001
2016,2002
2017,2003
2018,2004
2019,2005
2020,2006
2021,2007
2022,2008
2023,2009
2024,2010
2025,2011
2026,2012
2027,2013
2028,2014
2029,2015
2030,2016
2031,2017
2032,2018
2033,2019
2034,2020
2035,2021
2036,2022
2037,2023
2038,2024
2039,2025
2040,2026
2041,2027
2042,2028
2043,2029
2044,2030
2045,2031
2046,2032
2047,2033
2048,2034
2049,2035
2050,2036
2051,2037
2052,2038
2053,2039
2054,2040
2055,2041
2056,2042
2057,2043
2058,2044
2059,2045
2060,2046
2061,2047
2062,2048
2063,2049
2064,2050
2065,2051
2066,2052
2067,2053
2068,2054
2069,2055
2070,2056
2071,2057
2072,2058
2073,2059
2074,2060
2075,2061
2076,2062
2077,2063
2078,2064
2079,2065
2080,2066
2081,2067
2082,2068
2083,2069
2084,2070
2085,2071
2086,2072
2087,2073
2088,2074
2089,2075
2090,2076
2091,2077
2092,2078
2093,2079
2094,2080
2095,2081
2096,2082
2097,2083
2098,2084
2099,2085
2100,2086
2101,2087
2102,2088
2103,2089
2104,2090
2105,2091
2106,2092
2107,2093
2108,2094
2109,2095
2110,2096
2111,2097
2112,2098
2113,2099
2114,2100
2115,2101
2116,2102
2117,2103
2118,2104
2119,2105
2120,2106
2121,2107
2122,2108
2123,2109
2124,2110
2125,2111
2126,2112
2127,2113
2128,2114
2129,2115
2130,2116
2131,2117
2132,2118
2133,2119
2134,2120
2135,2121
2136,2122
2137,2123
2138,2124
2139,2125
2140,2126
2141,2127
2142,2128
2143,2129
2144,2130
2145,2131
2146,2132
2147,2133
2148,2134
2149,2135
2150,2136
2151,2137
2152,2138
2153,2139
2154,2140
2155,2141
2156,2142
2157,2143
2158,2144
2159,2145
2160,2146
2161,2147
2162,2148
2163,2149
2164,2150
2165,2151
2166,2152
2167,2153
2168,2154
2169,2155
2170,2156
2171,2157
2172,2158
2173,2159
2174,2160
2175,2161
2176,2162
2177,2163
2178,2164
2179,2165
2180,2166
2181,2167
2182,2168
2183,2169
2184,2170
2185,2171
2186,2172
2187,2173
2188,2174
2189,2175
2190,2176
2191,2177
2192,2178
2193,2179
2194,2180
2195,2181
2196,2182
2197,2183
2198,2184
2199,2185
2200,2186
2201,2187
2202,2188
2203,2189
2204,2190
2205,2191
2206,2192
2207,2193
2208,2194
2209,2195
2210,2196
2211,2197
2212,2198
2213,2199
2214,2200
2215,2201
2216,2202
2217,2203
2218,2204
2219,2205
2220,2206
2221,2207
2222,2208
2223,2209
2224,2210
2225,2211
2226,2212
2227,2213
2228,2214
2229,2215
2230,2216
2231,2217
2232,2218
2233,2219
2234,2220
2235,2221
2236,2222
2237,2223
2238,2224
2239,2225
2240,2226
2241,2227
2242,2228
2243,2229
2244,2230
2245,2231
2246,2232
2247,2233
2248,2234
2249,2235
2250,2236
2251,2237
2252,2238
2253,2239
2254,2240
2255,2241
2256,2242
2257,2243
2258,2244
2259,2245
2260,2246
2261,2247
2262,2248
2263,2249
2264,2250
2265,2251
2266,2252
2267,2253
2268,2254
2269,2255
2270,2256
2271,2257
2272,2258
2273,2259
2274,2260
2275,2261
2276,2262
2277,2263
2278,2264
2279,2265
2280,2266
2281,2267
2282,2268
2283,2269
2284,2270
2285,2271
2286,2272
2287,2273
2288,2274
2289,2275
2290,2276
2291,2277
2292,2278
2293,2279
2294,2280
2295,2281
2296,2282
2297,2283
2298,2284
2299,2285
2300,2286
2301,2287
2302,2288
2303,2289
2304,2290
2305,2291
2306,2292
2307,2293
2308,2294
2309,2295
2310,2296
2311,2297
2312,2298
2313,2299
2314,2300
2315,2301
2316,2302
2317,2303
2318,2304
2319,2305
2320,2306
2321,2307
2322,2308
2323,2309
2324,2310
2325,2311
2326,2312
2327,2313
2328,2314
2329,2315
2330,2316
2331,2317
2332,2318
2333,2319
2334,2320
2335,2321
2336,2322
2337,2323
2338,2324
2339,2325
2340,2326
2341,2327
2342,2328
2343,2329
2344,2330
2345,2331
2346,2332
2347,2333
2348,2334
2349,2335
2350,2336
2351,2337
2352,2338
2353,2339
2354,2340
2355,2341
2356,2342
2357,2343
2358,2344
2359,2345
2360,2346
2361,2347
2362,2348
2363,2349
2364,2350
2365,2351
2366,2352
2367,2353
2368,2354
2369,2355
2370,2356
2371,2357
2372,2358
2373,2359
2374,2360
2375,2361
2376,2362
2377,2363
2378,2364
2379,2365
2380,2366
2381,2367
2382,2368
2383,2369
2384,2370
2385,2371
2386,2372
2387,2373
2388,2374
2389,2375
2390,2376
2391,2377
2392,2378
2393,2379
2394,2380
2395,2381
2396,2382
2397,2383
2398,2384
2399,2385
2400,2386
2401,2387
2402,2388
2403,2389
2404,2390
2405,2391
2406,2392
2407,2393
2408,2394
2409,2395
2410,2396
2411,2397
2412,2398
2413,2399
2414,2400
2415,2401
2416,2402
2417,2403
2418,2404
2419,2405
2420,2406
2421,2407
2422,2408
2423,2409
2424,2410
2425,2411
2426,2412
2427,2413
2428,2414
2429,2415
2430,2416
2431,2417
2432,2418
2433,2419
2434,2420
2435,2421
2436,2422
2437,2423
2438,2424
2439,2425
2440,2426
2441,2427
2442,2428
2443,2429
2444,2430
2445,2431
2446,2432
2447,2433
2448,2434
2449,2435
2450,2436
2451,2437
2452,2438
2453,2439
2454,2440
2455,2441
2456,2442
2457,2443
2458,2444
2459,2445
2460,2446
2461,2447
2462,2448
2463,2449
2464,2450
2465,2451
2466,2452
2467,2453
2468,2454
2469,2455
2470,2456
2471,2457
2472,2458
2473,2459
2474,2460
2475,2461
2476,2462
2477,2463
2478,2464
2479,2465
2480,2466
2481,2467
2482,2468
2483,2469
2484,2470
2485,2471
2486,2472
2487,2473
2488,2474
2489,2475
2490,2476
2491,2477
2492,2478
2493,2479
2494,2480
2495,2481
2496,2482
2497,2483
2498,2484
2499,2485
2500,2486
2501,2487
2502,2488
2503,2489
2504,2490
2505,2491
2506,2492
2507,2493
2508,2494
2509,2495
2510,2496
2511,2497
2512,2498
2513,2499
2514,2500
2515,2501
2516,2502
2517,2503
2518,2504
2519,2505
2520,2506
2521,2507
2522,2508
2523,2509
2524,2510
2525,2511
2526,2512
2527,2513
2528,2514
2529,2515
2530,2516
2531,2517
2532,2518
2533,2519
2534,2520
2535,2521
2536,2522
2537,2523
2538,2524
2539,2525
2540,2526
2541,2527
2542,2528
2543,2529
2544,2530
2545,2531
2546,2532
2547,2533
2548,2534
2549,2535
2550,2536
2551,2537
2552,2538
2553,2539
2554,2540
2555,2541
2556,2542
2557,2543
2558,2544
2559,2545
2560,2546
2561,2547
2562,2548
2563,2549
2564,2550
2565,2551
2566,2552
2567,2553
2568,2554
2569,2555
2570,2556
2571,2557
2572,2558
2573,2559
2574,2560
2575,2561
2576,2562
2577,2563
2578,2564
2579,2565
2580,2566
2581,2567
2582,2568
2583,2569
2584,2570
2585,2571
2586,2572
2587,2573
2588,2574
2589,2575
2590,2576
2591,2577
2592,2578
2593,2579
2594,2580
2595,2581
2596,2582
2597,2583
2598,2584
2599,2585
2600,2586
2601,2587
2602,2588
2603,2589
2604,2590
2605,2591
2606,2592
2607,2593
2608,2594
2609,2595
2610,2596
2611,2597
2612,2598
2613,2599
2614,2600
2615,2601
2616,2602
2617,2603
2618,2604
2619,2605
2620,2606
2621,2607
2622,2608
2623,2609
2624,2610
2625,2611
2626,2612
2627,2613
2628,2614
2629,2615
2630,2616
2631,2617
2632,2618
2633,2619
2634,2620
2635,2621
2636,2622
2637,2623
2638,2624
2639,2625
2640,2626
2641,2627
2642,2628
2643,2629
2644,2630
2645,2631
2646,2632
2647,2633
2648,2634
2649,2635
2650,2636
2651,2637
2652,2638
2653,2639
2654,2640
2655,2641
2656,2642
2657,2643
2658,2644
2659,2645
2660,2646
2661,2647
2662,2648
2663,2649
2664,2650
2665,2651
2666,2652
2667,2653
2668,2654
2669,2655
2670,2656
2671,2657
2672,2658
2673,2659
2674,2660
2675,2661
2676,2662
2677,2663
2678,2664
2679,2665
2680,2666
2681,2667
2682,2668
2683,2669
2684,2670
2685,2671
2686,2672
2687,2673
2688,2674
2689,2675
2690,2676
2691,2677
2692,2678
2693,2679
2694,2680
2695,2681
2696,2682
2697,2683
2698,2684
2699,2685
2700,2686
2701,2687
2702,2688
2703,2689
2704,2690
2705,2691
2706,2692
2707,2693
2708,2694
2709,2695
2710,2696
2711,2697
2712,2698
2713,2699
2714,2700
2715,2701
2716,2702
2717,2703
2718,2704
2719,2705
2720,2706
2721,2707
2722,2708
2723,2709
2724,2710
2725,2711
2726,2712
2727,2713
2728,2714
2729,2715
2730,2716
2731,2717
2732,2718
2733,2719
2734,2720
2735,2721
2736,2722
2737,2723
2738,2724
2739,2725
2740,2726
2741,2727
2742,2728
2743,2729
2744,2730
2745,2731
2746,2732
2747,2733
2748,2734
2749,2735
2750,2736
2751,2737
2752,2738
2753,2739
2754,2740
2755,2741
2756,2742
2757,2743
2758,2744
2759,2745
2760,2746
2761,2747
2762,2748
2763,2749
2764,2750
2765,2751
2766,2752
2767,2753
2768,2754
2769,2755
2770,2756
2771,2757
2772,2758
2773,2759
2774,2760
2775,2761
2776,2762
2777,2763
2778,2764
2779,2765
2780,2766
2781,2767
2782,2768
2783,2769
2784,2770
2785,2771
2786,2772
2787,2773
2788,2774
2789,2775
2790,2776
2791,2777
2792,2778
2793,2779
2794,2780
2795,2781
2796,2782
2797,2783
2798,2784
2799,2785
2800,2786
2801,2787
2802,2788
2803,2789
2804,2790
2805,2791
2806,2792
2807,2793
2808,2794
2809,2795
2810,2796
2811,2797
2812,2798
2813,2799
2814,2800
2815,2801
2816,2802
2817,2803
2818,2804
2819,2805
2820,2806
2821,2807
2822,2808
2823,2809
2824,2810
2825,2811
2826,2812
2827,2813
2828,2814
2829,2815
2830,2816
2831,2817
2832,2818
2833,2819
2834,2820
2835,2821
2836,2822
2837,2823
2838,2824
2839,2825
2840,2826
2841,2827
2842,2828
2843,2829
2844,2830
2845,2831
2846,2832
2847,2833
2848,2834
2849,2835
2850,2836
2851,2837
2852,2838
2853,2839
2854,2840
2855,2841
2856,2842
2857,2843
2858,2844
2859,2845
2860,2846
2861,2847
2862,2848
2863,2849
2864,2850
2865,2851
2866,2852
2867,2853
2868,2854
2869,2855
2870,2856
2871,2857
2872,2858
2873,2859
2874,-1
2875,-1
2876,-1
2877,-1
2878,-1
2879,-1
2880,-1
2881,-1
